-- ============================================================
-- ExpressWash Seed Data
-- Run this in Supabase SQL Editor AFTER running supabase-init.sql
-- ============================================================

-- NOTE: Profile data is seeded directly (not via auth.users trigger)
-- because we need known UUIDs for foreign key references.
-- For real users, they will sign up through the app which uses supabase.auth.signUp().

-- ── Helper: known UUIDs ─────────────────────────────────────

-- We use deterministic UUIDs so we can reference them across tables.
-- In production, UUIDs are generated by auth.users or gen_random_uuid().

-- ── Orders ──────────────────────────────────────────────────

INSERT INTO orders (id, tracking_code, customer_name, status, pickup_date, estimated_delivery, zone, driver_name, driver_phone, created_at) VALUES
  (gen_random_uuid(), 'EW-2024-00123', 'Grace Wanjiku', 9, '2024-01-20', '2024-01-22', 'Kitengela', 'Joseph Mwangi', '+254712345678', '2024-01-20T08:00:00Z'),
  (gen_random_uuid(), 'EW-2024-00124', 'John Kamau', 7, '2024-01-25', '2024-01-28', 'Athi River', 'Alex Mutua', '+254723456789', '2024-01-25T09:00:00Z'),
  (gen_random_uuid(), 'EW-2024-00125', 'Mary Akinyi', 5, '2024-01-26', '2024-01-29', 'Syokimau', NULL, NULL, '2024-01-26T10:00:00Z'),
  (gen_random_uuid(), 'EW-2024-00126', 'Peter Odhiambo', 3, '2024-01-28', '2024-01-31', 'Mlolongo', 'Joseph Mwangi', '+254712345678', '2024-01-28T07:00:00Z'),
  (gen_random_uuid(), 'EW-2024-00127', 'Faith Muthoni', 9, '2024-01-15', '2024-01-17', 'Kitengela', 'David Kipchoge', '+254734567890', '2024-01-15T08:00:00Z'),
  (gen_random_uuid(), 'EW-2024-00128', 'Hassan Abdullahi', 1, '2024-01-31', '2024-02-03', 'Mavoko', NULL, NULL, '2024-01-31T11:00:00Z'),
  (gen_random_uuid(), 'EW-2024-00130', 'Angela Wairimu', 4, '2024-01-30', '2024-02-02', 'Athi River', 'Mike Otieno', '+254745678901', '2024-01-30T09:00:00Z'),
  (gen_random_uuid(), 'EW-2024-00131', 'Esther Nyambura', 9, '2024-01-22', '2024-01-24', 'Syokimau', 'David Kipchoge', '+254734567890', '2024-01-22T07:30:00Z'),
  (gen_random_uuid(), 'EW-2024-00132', 'William Mutiso', 6, '2024-01-29', '2024-02-01', 'Athi River', NULL, NULL, '2024-01-29T10:00:00Z'),
  (gen_random_uuid(), 'EW-2024-00133', 'Mercy Njoki', 8, '2024-01-27', '2024-01-30', 'Kitengela', 'Brian Wekesa', '+254756789012', '2024-01-27T08:00:00Z'),
  (gen_random_uuid(), 'EW-2024-00135', 'Samuel Njoroge', 2, '2024-01-31', '2024-02-03', 'Athi River', 'Joseph Mwangi', '+254712345678', '2024-01-31T08:00:00Z'),
  (gen_random_uuid(), 'EW-2024-00138', 'Grace Wanjiku', 3, '2024-02-01', '2024-02-04', 'Kitengela', 'Alex Mutua', '+254723456789', '2024-01-31T11:30:00Z');

-- Order items (we need to look up the order IDs)
DO $$
DECLARE
  oid UUID;
BEGIN
  SELECT id INTO oid FROM orders WHERE tracking_code = 'EW-2024-00123';
  INSERT INTO order_items (order_id, name, quantity) VALUES (oid, 'Carpet (Large)', 2), (oid, 'Carpet (Medium)', 1);

  SELECT id INTO oid FROM orders WHERE tracking_code = 'EW-2024-00124';
  INSERT INTO order_items (order_id, name, quantity) VALUES (oid, 'Sofa Set', 1), (oid, 'Cushions', 4);

  SELECT id INTO oid FROM orders WHERE tracking_code = 'EW-2024-00125';
  INSERT INTO order_items (order_id, name, quantity) VALUES (oid, 'Carpet (Medium)', 3);

  SELECT id INTO oid FROM orders WHERE tracking_code = 'EW-2024-00126';
  INSERT INTO order_items (order_id, name, quantity) VALUES (oid, 'Curtain Pair', 2), (oid, 'Duvet', 1);

  SELECT id INTO oid FROM orders WHERE tracking_code = 'EW-2024-00127';
  INSERT INTO order_items (order_id, name, quantity) VALUES (oid, 'Carpet (Large)', 1), (oid, 'Rug (Persian)', 1);

  SELECT id INTO oid FROM orders WHERE tracking_code = 'EW-2024-00128';
  INSERT INTO order_items (order_id, name, quantity) VALUES (oid, 'Carpet (Small)', 2);

  SELECT id INTO oid FROM orders WHERE tracking_code = 'EW-2024-00130';
  INSERT INTO order_items (order_id, name, quantity) VALUES (oid, 'Carpet (Large)', 1), (oid, 'Carpet (Medium)', 2);

  SELECT id INTO oid FROM orders WHERE tracking_code = 'EW-2024-00131';
  INSERT INTO order_items (order_id, name, quantity) VALUES (oid, 'Sofa Set', 1);

  SELECT id INTO oid FROM orders WHERE tracking_code = 'EW-2024-00132';
  INSERT INTO order_items (order_id, name, quantity) VALUES (oid, 'Carpet (Large)', 2), (oid, 'Carpet (Medium)', 1), (oid, 'Cushions', 4);

  SELECT id INTO oid FROM orders WHERE tracking_code = 'EW-2024-00133';
  INSERT INTO order_items (order_id, name, quantity) VALUES (oid, 'Curtain Pair', 3);

  SELECT id INTO oid FROM orders WHERE tracking_code = 'EW-2024-00135';
  INSERT INTO order_items (order_id, name, quantity) VALUES (oid, 'Carpet (Small)', 1);

  SELECT id INTO oid FROM orders WHERE tracking_code = 'EW-2024-00138';
  INSERT INTO order_items (order_id, name, quantity) VALUES (oid, 'Carpet (Large)', 1), (oid, 'Duvet', 2);
END $$;

-- ── Warehouse Stats ─────────────────────────────────────────

INSERT INTO warehouse_stats (total_items, in_washing, in_drying, in_quality_check, ready_for_dispatch, overdue_items, capacity_used, capacity_total)
VALUES (47, 12, 8, 5, 14, 3, 47, 200);

-- ── Warehouse Intake ────────────────────────────────────────

DO $$
DECLARE
  oid UUID;
BEGIN
  SELECT id INTO oid FROM orders WHERE tracking_code = 'EW-2024-00126';
  INSERT INTO warehouse_intake (order_id, order_number, customer_name, item_name, item_type, quantity, condition_notes, warehouse_location, received_at, received_by) VALUES
    (oid, 'EW-2024-00126', 'Peter Odhiambo', 'Curtain Pair', 'Curtain', 2, 'Slight discoloration on edges', 'Zone A - Rack 3', '2024-01-28T10:00:00Z', 'Jane Warehouse'),
    (oid, 'EW-2024-00126', 'Peter Odhiambo', 'Duvet', 'Bedding', 1, 'Good condition', 'Zone A - Rack 3', '2024-01-28T10:05:00Z', 'Jane Warehouse');

  SELECT id INTO oid FROM orders WHERE tracking_code = 'EW-2024-00130';
  INSERT INTO warehouse_intake (order_id, order_number, customer_name, item_name, item_type, quantity, condition_notes, warehouse_location, received_at, received_by) VALUES
    (oid, 'EW-2024-00130', 'Angela Wairimu', 'Carpet (Large)', 'Carpet', 1, 'Heavy staining in center', 'Zone B - Rack 1', '2024-01-30T11:00:00Z', 'Jane Warehouse'),
    (oid, 'EW-2024-00130', 'Angela Wairimu', 'Carpet (Medium)', 'Carpet', 2, 'Normal wear', 'Zone B - Rack 2', '2024-01-30T11:10:00Z', 'Jane Warehouse');

  SELECT id INTO oid FROM orders WHERE tracking_code = 'EW-2024-00128';
  INSERT INTO warehouse_intake (order_id, order_number, customer_name, item_name, item_type, quantity, condition_notes, warehouse_location, received_at, received_by) VALUES
    (oid, 'EW-2024-00128', 'Hassan Abdullahi', 'Carpet (Small)', 'Carpet', 2, 'Pet stains', 'Zone C - Rack 1', '2024-01-31T14:00:00Z', 'Tom Warehouse');
END $$;

-- ── Warehouse Processing ────────────────────────────────────

DO $$
DECLARE
  oid UUID;
BEGIN
  SELECT id INTO oid FROM orders WHERE tracking_code = 'EW-2024-00125';
  INSERT INTO warehouse_processing (order_id, order_number, customer_name, item_name, item_type, quantity, stage, assigned_to, started_at, estimated_completion, warehouse_location, days_in_warehouse) VALUES
    (oid, 'EW-2024-00125', 'Mary Akinyi', 'Carpet (Medium)', 'Carpet', 3, 'washing', 'James Washer', '2024-01-27T08:00:00Z', '2024-01-28T18:00:00Z', 'Zone A - Wash Bay 2', 4);

  SELECT id INTO oid FROM orders WHERE tracking_code = 'EW-2024-00132';
  INSERT INTO warehouse_processing (order_id, order_number, customer_name, item_name, item_type, quantity, stage, assigned_to, started_at, estimated_completion, warehouse_location, days_in_warehouse) VALUES
    (oid, 'EW-2024-00132', 'William Mutiso', 'Carpet (Large)', 'Carpet', 2, 'drying', 'Sarah Dryer', '2024-01-30T09:00:00Z', '2024-01-31T12:00:00Z', 'Zone B - Drying Area', 2),
    (oid, 'EW-2024-00132', 'William Mutiso', 'Carpet (Medium)', 'Carpet', 1, 'quality_check', NULL, '2024-01-30T14:00:00Z', NULL, 'Zone C - QC Station', 2);

  SELECT id INTO oid FROM orders WHERE tracking_code = 'EW-2024-00133';
  INSERT INTO warehouse_processing (order_id, order_number, customer_name, item_name, item_type, quantity, stage, assigned_to, started_at, estimated_completion, warehouse_location, days_in_warehouse) VALUES
    (oid, 'EW-2024-00133', 'Mercy Njoki', 'Curtain Pair', 'Curtain', 3, 'ready_for_dispatch', NULL, '2024-01-28T07:00:00Z', NULL, 'Zone D - Dispatch', 3);
END $$;

-- ── Warehouse Dispatch ──────────────────────────────────────

DO $$
DECLARE
  oid UUID;
BEGIN
  SELECT id INTO oid FROM orders WHERE tracking_code = 'EW-2024-00133';
  INSERT INTO warehouse_dispatch (order_id, order_number, customer_name, zone, items, total_items, ready_since, assigned_driver, scheduled_delivery) VALUES
    (oid, 'EW-2024-00133', 'Mercy Njoki', 'Kitengela', ARRAY['Curtain Pair x3'], 3, '2024-01-30T10:00:00Z', 'Brian Wekesa', '2024-01-31T09:00:00Z');

  SELECT id INTO oid FROM orders WHERE tracking_code = 'EW-2024-00124';
  INSERT INTO warehouse_dispatch (order_id, order_number, customer_name, zone, items, total_items, ready_since, assigned_driver, scheduled_delivery) VALUES
    (oid, 'EW-2024-00124', 'John Kamau', 'Athi River', ARRAY['Sofa Set x1', 'Cushions x4'], 5, '2024-01-29T15:00:00Z', 'Alex Mutua', '2024-01-31T10:00:00Z');
END $$;

-- ── Invoices ────────────────────────────────────────────────

DO $$
DECLARE
  oid UUID;
BEGIN
  SELECT id INTO oid FROM orders WHERE tracking_code = 'EW-2024-00123';
  INSERT INTO invoices (invoice_number, order_id, order_number, customer_name, customer_email, subtotal, vat_rate, vat_amount, discount, total, status, issued_at, due_at, paid_at) VALUES
    ('INV-2024-0033', oid, 'EW-2024-00123', 'Grace Wanjiku', 'grace@test.com', 16570, 16, 2651.20, 0, 19221.20, 'paid', '2024-01-20T12:00:00Z', '2024-02-03T12:00:00Z', '2024-01-26T09:15:00Z');

  SELECT id INTO oid FROM orders WHERE tracking_code = 'EW-2024-00127';
  INSERT INTO invoices (invoice_number, order_id, order_number, customer_name, customer_email, subtotal, vat_rate, vat_amount, discount, total, status, issued_at, due_at, paid_at) VALUES
    ('INV-2024-0034', oid, 'EW-2024-00127', 'Faith Muthoni', 'faith.muthoni@gmail.com', 11000, 16, 1760, 500, 12260, 'overdue', '2024-01-16T10:00:00Z', '2024-01-30T10:00:00Z', NULL);

  SELECT id INTO oid FROM orders WHERE tracking_code = 'EW-2024-00130';
  INSERT INTO invoices (invoice_number, order_id, order_number, customer_name, customer_email, subtotal, vat_rate, vat_amount, discount, total, status, issued_at, due_at, paid_at) VALUES
    ('INV-2024-0040', oid, 'EW-2024-00130', 'Angela Wairimu', 'angela.wairimu@yahoo.com', 15500, 16, 2480, 0, 17980, 'sent', '2024-01-30T14:00:00Z', '2024-02-13T14:00:00Z', NULL);

  SELECT id INTO oid FROM orders WHERE tracking_code = 'EW-2024-00131';
  INSERT INTO invoices (invoice_number, order_id, order_number, customer_name, customer_email, subtotal, vat_rate, vat_amount, discount, total, status, issued_at, due_at, paid_at) VALUES
    ('INV-2024-0044', oid, 'EW-2024-00131', 'Mercy Njoki', 'mercy@test.com', 23925, 16, 3828, 0, 27753, 'paid', '2024-01-23T08:00:00Z', '2024-02-06T08:00:00Z', '2024-01-31T12:15:00Z');

  SELECT id INTO oid FROM orders WHERE tracking_code = 'EW-2024-00138';
  INSERT INTO invoices (invoice_number, order_id, order_number, customer_name, customer_email, subtotal, vat_rate, vat_amount, discount, total, status, issued_at, due_at, paid_at) VALUES
    ('INV-2024-0045', oid, 'EW-2024-00138', 'Grace Wanjiku', 'grace@test.com', 12000, 16, 1920, 0, 13920, 'draft', '2024-01-31T15:00:00Z', '2024-02-14T15:00:00Z', NULL);
END $$;

-- Invoice items
DO $$
DECLARE
  iid UUID;
BEGIN
  SELECT id INTO iid FROM invoices WHERE invoice_number = 'INV-2024-0033';
  INSERT INTO invoice_items (invoice_id, description, quantity, unit_price, total) VALUES
    (iid, 'Carpet (Large) Cleaning', 2, 5000, 10000),
    (iid, 'Carpet (Medium) Cleaning', 1, 3500, 3500),
    (iid, 'Pickup & Delivery Fee', 1, 1500, 1500),
    (iid, 'Stain Treatment', 1, 1570, 1570);

  SELECT id INTO iid FROM invoices WHERE invoice_number = 'INV-2024-0034';
  INSERT INTO invoice_items (invoice_id, description, quantity, unit_price, total) VALUES
    (iid, 'Carpet (Large) Cleaning', 1, 5000, 5000),
    (iid, 'Rug (Persian) Cleaning', 1, 6000, 6000);

  SELECT id INTO iid FROM invoices WHERE invoice_number = 'INV-2024-0040';
  INSERT INTO invoice_items (invoice_id, description, quantity, unit_price, total) VALUES
    (iid, 'Carpet (Large) Cleaning', 1, 5000, 5000),
    (iid, 'Carpet (Medium) Cleaning', 2, 3500, 7000),
    (iid, 'Pickup & Delivery Fee', 1, 1500, 1500),
    (iid, 'Express Service', 1, 2000, 2000);

  SELECT id INTO iid FROM invoices WHERE invoice_number = 'INV-2024-0044';
  INSERT INTO invoice_items (invoice_id, description, quantity, unit_price, total) VALUES
    (iid, 'Sofa Set Cleaning', 1, 7000, 7000),
    (iid, 'Carpet (Large) Cleaning', 2, 5000, 10000),
    (iid, 'Carpet (Medium) Cleaning', 1, 3500, 3500),
    (iid, 'Pickup & Delivery Fee', 1, 1500, 1500),
    (iid, 'Stain Treatment', 1, 1925, 1925);

  SELECT id INTO iid FROM invoices WHERE invoice_number = 'INV-2024-0045';
  INSERT INTO invoice_items (invoice_id, description, quantity, unit_price, total) VALUES
    (iid, 'Carpet (Large) Cleaning', 1, 5000, 5000),
    (iid, 'Duvet Cleaning', 2, 2500, 5000),
    (iid, 'Pickup & Delivery Fee', 1, 1500, 1500),
    (iid, 'Freshener Treatment', 1, 500, 500);
END $$;

-- Payments
DO $$
DECLARE
  iid UUID;
BEGIN
  SELECT id INTO iid FROM invoices WHERE invoice_number = 'INV-2024-0033';
  INSERT INTO payments (invoice_id, invoice_number, amount, method, reference, mpesa_receipt_number, status, recorded_by) VALUES
    (iid, 'INV-2024-0033', 19221.20, 'mpesa', 'PAY-2024-0033', 'QJK3L5M7N9', 'completed', 'System');

  SELECT id INTO iid FROM invoices WHERE invoice_number = 'INV-2024-0044';
  INSERT INTO payments (invoice_id, invoice_number, amount, method, reference, mpesa_receipt_number, status, recorded_by) VALUES
    (iid, 'INV-2024-0044', 27753, 'mpesa', 'PAY-2024-0044', 'RKL4M6N8P0', 'completed', 'System');
END $$;

-- ── Rewards ─────────────────────────────────────────────────

INSERT INTO rewards (name, description, points_cost, discount_type, discount_value, is_active, valid_until) VALUES
  ('10% Off Next Order', 'Get 10% discount on your next carpet cleaning order', 500, 'percentage', 10, true, '2024-12-31T23:59:59Z'),
  ('Free Pickup & Delivery', 'Waive the pickup and delivery fee on your next order', 300, 'fixed', 1500, true, '2024-12-31T23:59:59Z'),
  ('KES 500 Off', 'Get KES 500 off your next order of KES 3,000 or more', 250, 'fixed', 500, true, '2024-06-30T23:59:59Z'),
  ('Free Stain Treatment', 'One free stain treatment on your next order', 400, 'fixed', 1570, true, NULL),
  ('25% Off Large Carpet', 'Get 25% off cleaning for any large carpet', 750, 'percentage', 25, true, '2024-12-31T23:59:59Z'),
  ('VIP Express Service', 'Free express 24-hour turnaround on your next order', 1000, 'fixed', 2000, true, NULL);

-- ── Report KPIs ─────────────────────────────────────────────

INSERT INTO report_kpis (label, value, change, change_direction, format) VALUES
  ('Total Revenue', 1245000, 12.5, 'up', 'currency'),
  ('Total Orders', 342, 8.3, 'up', 'number'),
  ('Average Order Value', 3640, -2.1, 'down', 'currency'),
  ('Customer Retention', 78.5, 3.2, 'up', 'percentage'),
  ('On-Time Delivery', 92.1, 1.8, 'up', 'percentage'),
  ('Active Customers', 189, 15.4, 'up', 'number');

-- ── Report Sales (30 days) ──────────────────────────────────

INSERT INTO report_sales (date, orders, revenue, avg_order_value) VALUES
  ('2024-01-01', 8, 25600, 3200),
  ('2024-01-02', 12, 42000, 3500),
  ('2024-01-03', 15, 57000, 3800),
  ('2024-01-04', 10, 31000, 3100),
  ('2024-01-05', 7, 20300, 2900),
  ('2024-01-06', 18, 72000, 4000),
  ('2024-01-07', 22, 92400, 4200),
  ('2024-01-08', 14, 50400, 3600),
  ('2024-01-09', 11, 36300, 3300),
  ('2024-01-10', 9, 27000, 3000),
  ('2024-01-11', 16, 59200, 3700),
  ('2024-01-12', 20, 82000, 4100),
  ('2024-01-13', 13, 44200, 3400),
  ('2024-01-14', 8, 22400, 2800),
  ('2024-01-15', 19, 74100, 3900),
  ('2024-01-16', 24, 103200, 4300),
  ('2024-01-17', 17, 62050, 3650),
  ('2024-01-18', 12, 39000, 3250),
  ('2024-01-19', 10, 30500, 3050),
  ('2024-01-20', 21, 85050, 4050),
  ('2024-01-21', 25, 110000, 4400),
  ('2024-01-22', 18, 67500, 3750),
  ('2024-01-23', 14, 48300, 3450),
  ('2024-01-24', 11, 34650, 3150),
  ('2024-01-25', 23, 95450, 4150),
  ('2024-01-26', 26, 117000, 4500),
  ('2024-01-27', 19, 73150, 3850),
  ('2024-01-28', 15, 53250, 3550),
  ('2024-01-29', 13, 43550, 3350),
  ('2024-01-30', 28, 128800, 4600);

-- ── Report Zone Performance ─────────────────────────────────

INSERT INTO report_zone_performance (zone, orders, revenue, avg_delivery_time, customer_satisfaction, on_time_rate) VALUES
  ('Kitengela', 98, 385000, 2.1, 4.5, 94.2),
  ('Athi River', 85, 312000, 1.8, 4.6, 96.1),
  ('Syokimau', 72, 268000, 2.4, 4.3, 91.5),
  ('Mlolongo', 54, 195000, 2.8, 4.1, 88.3),
  ('Mavoko', 33, 115000, 3.2, 4.0, 85.7);

-- ── Report Revenue by Item Type ─────────────────────────────

INSERT INTO report_revenue_by_item (item_type, revenue, orders, avg_price) VALUES
  ('Carpet (Large)', 425000, 85, 5000),
  ('Carpet (Medium)', 280000, 80, 3500),
  ('Carpet (Small)', 135000, 54, 2500),
  ('Sofa Set', 196000, 28, 7000),
  ('Curtain Pair', 90000, 45, 2000),
  ('Duvet', 52500, 21, 2500),
  ('Rug (Persian)', 48000, 8, 6000),
  ('Cushions', 18500, 37, 500);

-- ── Report Driver Performance ───────────────────────────────

INSERT INTO report_driver_performance (driver_id, name, deliveries, on_time_rate, avg_rating, fuel_cost) VALUES
  ('u-3', 'Joseph Mwangi', 145, 95.2, 4.7, 18500),
  ('u-30', 'David Kipchoge', 132, 93.8, 4.6, 17200),
  ('u-31', 'Mike Otieno', 118, 90.5, 4.4, 15800),
  ('u-32', 'Alex Mutua', 87, 88.9, 4.3, 12100),
  ('u-33', 'Brian Wekesa', 45, 82.1, 3.9, 6800);

-- ── Report Customer Demographics ────────────────────────────

INSERT INTO report_customer_demographics (segment, count, percentage, avg_order_value) VALUES
  ('Residential - Single Family', 95, 42.2, 3800),
  ('Residential - Apartment', 52, 23.1, 2800),
  ('Office / Commercial', 38, 16.9, 6500),
  ('Church / Institution', 22, 9.8, 8200),
  ('Hotel / Hospitality', 12, 5.3, 12500),
  ('Other', 6, 2.7, 4100);

-- ── Audit Logs ──────────────────────────────────────────────

INSERT INTO audit_logs (timestamp, user_id, user_name, user_role, action, entity, entity_id, details, ip_address, is_suspicious) VALUES
  ('2024-01-31T15:30:00Z', 'u-1', 'Admin User', 'super_admin', 'UPDATE', 'order', 'EW-2024-00133', 'Updated order status from "quality_check" to "ready_for_delivery"', '192.168.1.100', false),
  ('2024-01-31T14:00:00Z', 'u-4', 'Jane Warehouse', 'warehouse_staff', 'CREATE', 'warehouse_intake', 'wi-005', 'Received 2x Carpet (Small) from order EW-2024-00128', '192.168.1.105', false),
  ('2024-01-31T12:15:00Z', 'u-1', 'Admin User', 'admin', 'UPDATE', 'payment', 'INV-2024-0044', 'Recorded M-Pesa payment of KES 27,753', '192.168.1.100', false),
  ('2024-01-31T11:30:00Z', 'u-2', 'Grace Wanjiku', 'customer', 'CREATE', 'order', 'EW-2024-00138', 'Created new order with 3 items for Kitengela zone', '41.215.130.42', false),
  ('2024-01-31T09:00:00Z', 'u-1', 'Admin User', 'admin', 'UPDATE', 'invoice', 'INV-2024-0034', 'Sent overdue payment reminder to Faith Muthoni', '192.168.1.100', false),
  ('2024-01-31T08:00:00Z', 'u-3', 'Joseph Mwangi', 'driver', 'UPDATE', 'driver', 'u-3', 'Started route for Athi River zone - 3 stops', '41.215.131.15', false),
  ('2024-01-30T22:15:00Z', 'unknown', 'Unknown', 'customer', 'READ', 'order', NULL, 'Multiple failed tracking lookups from same IP (15 attempts in 2 minutes)', '103.45.67.89', true),
  ('2024-01-30T16:45:00Z', 'u-30', 'David Kipchoge', 'driver', 'UPDATE', 'order', 'EW-2024-00131', 'Marked order as delivered - confirmed by customer', '41.215.132.20', false),
  ('2024-01-30T15:30:00Z', 'u-1', 'Admin User', 'admin', 'UPDATE', 'loyalty', 'u-12', 'Awarded 180 bonus loyalty points to Esther Nyambura', '192.168.1.100', false),
  ('2024-01-30T11:00:00Z', 'u-1', 'Admin User', 'admin', 'CREATE', 'notification', 'tpl-010', 'Sent promotional SMS to 45 active customers', '192.168.1.100', false);

-- ── System Logs ─────────────────────────────────────────────

INSERT INTO system_logs (timestamp, level, service, message) VALUES
  ('2024-01-31T16:00:00Z', 'info', 'auth', 'Session refresh completed for 23 active sessions'),
  ('2024-01-31T15:45:00Z', 'warn', 'notification', 'SMS delivery delayed for 3 messages - carrier timeout'),
  ('2024-01-31T15:30:00Z', 'error', 'payment', 'M-Pesa callback timeout for transaction QJK3L5M7N9 - retrying'),
  ('2024-01-31T14:00:00Z', 'info', 'warehouse', 'Intake scan completed - 5 items processed in batch'),
  ('2024-01-31T12:00:00Z', 'info', 'order', 'Daily order summary: 28 new orders, 12 completed, 3 delayed'),
  ('2024-01-31T11:00:00Z', 'debug', 'api', 'Rate limiter reset for IP range 41.215.x.x'),
  ('2024-01-31T10:00:00Z', 'warn', 'auth', 'Failed login attempt (3rd) for email: test@example.com'),
  ('2024-01-31T09:00:00Z', 'info', 'scheduler', 'Cron job executed: send_overdue_reminders - 4 reminders sent'),
  ('2024-01-31T08:00:00Z', 'info', 'driver', 'Driver routes generated for 5 active drivers'),
  ('2024-01-31T06:00:00Z', 'info', 'backup', 'Database backup completed successfully - 156MB compressed');

-- ── Notification Templates ──────────────────────────────────

INSERT INTO notification_templates (name, channel, subject, body, variables, is_active) VALUES
  ('Order Confirmation', 'sms', NULL, 'Dear {{customerName}}, your order {{orderNumber}} has been confirmed. Pickup scheduled for {{pickupDate}}. Track at expresswash.co.ke/track', ARRAY['customerName', 'orderNumber', 'pickupDate'], true),
  ('Pickup Reminder', 'sms', NULL, 'Hi {{customerName}}, reminder: We will pick up your items tomorrow at {{pickupTime}}. Please have them ready. Call us at 0700-000-000 for changes.', ARRAY['customerName', 'pickupTime'], true),
  ('Order Ready for Delivery', 'sms', NULL, 'Great news {{customerName}}! Your order {{orderNumber}} is ready. Driver {{driverName}} will deliver on {{deliveryDate}}. Call {{driverPhone}} for updates.', ARRAY['customerName', 'orderNumber', 'driverName', 'deliveryDate', 'driverPhone'], true),
  ('Delivery Confirmation', 'sms', NULL, 'Hi {{customerName}}, your order {{orderNumber}} has been delivered. Thank you for choosing ExpressWash! Rate us: expresswash.co.ke/rate/{{orderNumber}}', ARRAY['customerName', 'orderNumber'], true),
  ('Order Delay Notification', 'sms', NULL, 'Dear {{customerName}}, we apologize - your order {{orderNumber}} is delayed. New estimated delivery: {{newDate}}. We appreciate your patience.', ARRAY['customerName', 'orderNumber', 'newDate'], true),
  ('Invoice Email', 'email', 'Invoice {{invoiceNumber}} - ExpressWash Kenya', E'Dear {{customerName}},\n\nPlease find attached your invoice {{invoiceNumber}} for order {{orderNumber}}.\n\nTotal: KES {{total}}\nDue Date: {{dueDate}}\n\nPay via M-Pesa: Paybill 123456, Account: {{invoiceNumber}}\n\nThank you!\n\nExpressWash Kenya', ARRAY['customerName', 'invoiceNumber', 'orderNumber', 'total', 'dueDate'], true),
  ('Payment Confirmation', 'sms', NULL, 'Payment received! KES {{amount}} for invoice {{invoiceNumber}}. Balance: KES {{balance}}. Receipt: {{receiptNumber}}. Thank you, {{customerName}}!', ARRAY['amount', 'invoiceNumber', 'balance', 'receiptNumber', 'customerName'], true),
  ('Loyalty Points Update', 'sms', NULL, 'Hi {{customerName}}! You earned {{points}} loyalty points. Total: {{totalPoints}} ({{tier}} tier). Redeem at expresswash.co.ke/rewards', ARRAY['customerName', 'points', 'totalPoints', 'tier'], true),
  ('WhatsApp Order Update', 'whatsapp', NULL, 'Hello {{customerName}}! Your order {{orderNumber}} status: {{status}}. {{additionalInfo}}', ARRAY['customerName', 'orderNumber', 'status', 'additionalInfo'], true),
  ('Promotional Offer', 'sms', NULL, 'Hi {{customerName}}! Enjoy {{discount}} off your next carpet cleaning order. Use code: {{promoCode}}. Valid until {{expiryDate}}. T&Cs apply.', ARRAY['customerName', 'discount', 'promoCode', 'expiryDate'], true),
  ('Payment Overdue Reminder', 'email', 'Payment Overdue - Invoice {{invoiceNumber}}', E'Dear {{customerName}},\n\nThis is a friendly reminder that payment for invoice {{invoiceNumber}} (KES {{amount}}) was due on {{dueDate}}.\n\nPlease make payment at your earliest convenience.\n\nPay via M-Pesa: Paybill 123456, Account: {{invoiceNumber}}\n\nExpressWash Kenya', ARRAY['customerName', 'invoiceNumber', 'amount', 'dueDate'], true),
  ('Driver Assignment', 'push', NULL, 'New delivery assigned: Order {{orderNumber}} to {{zone}}. {{itemCount}} items. Pickup time: {{pickupTime}}.', ARRAY['orderNumber', 'zone', 'itemCount', 'pickupTime'], true),
  ('Welcome New Customer', 'email', 'Welcome to ExpressWash, {{customerName}}!', E'Dear {{customerName}},\n\nWelcome to ExpressWash! We are excited to have you.\n\nHere is what you can expect:\n- Free pickup and delivery\n- Professional carpet and fabric cleaning\n- 48-hour turnaround on most items\n- Loyalty points on every order\n\nExpressWash Kenya', ARRAY['customerName'], true),
  ('Quality Issue Apology', 'email', 'Regarding Your Order {{orderNumber}} - Quality Feedback', E'Dear {{customerName}},\n\nWe noticed a quality issue with your order {{orderNumber}}: {{issueDetails}}.\n\nWe are re-processing the affected items at no extra charge. Expected completion: {{newDate}}.\n\nWe have added {{bonusPoints}} bonus loyalty points to your account.\n\nExpressWash Kenya', ARRAY['customerName', 'orderNumber', 'issueDetails', 'newDate', 'bonusPoints'], true);

-- ── Notification History (sample) ───────────────────────────

DO $$
DECLARE
  tpl_id UUID;
BEGIN
  SELECT id INTO tpl_id FROM notification_templates WHERE name = 'Order Confirmation' LIMIT 1;
  INSERT INTO notification_history (template_id, template_name, channel, recipient_id, recipient_name, recipient_contact, body, status, sent_at, delivered_at) VALUES
    (tpl_id, 'Order Confirmation', 'sms', 'u-2', 'Grace Wanjiku', '+254700000002', 'Dear Grace Wanjiku, your order EW-2024-00138 has been confirmed. Pickup scheduled for Feb 01, 2024.', 'delivered', '2024-01-31T11:30:00Z', '2024-01-31T11:30:05Z');

  SELECT id INTO tpl_id FROM notification_templates WHERE name = 'Delivery Confirmation' LIMIT 1;
  INSERT INTO notification_history (template_id, template_name, channel, recipient_id, recipient_name, recipient_contact, body, status, sent_at, delivered_at) VALUES
    (tpl_id, 'Delivery Confirmation', 'sms', 'u-2', 'Grace Wanjiku', '+254700000002', 'Hi Grace Wanjiku, your order EW-2024-00123 has been delivered. Thank you for choosing ExpressWash!', 'delivered', '2024-01-27T13:00:00Z', '2024-01-27T13:00:08Z');

  SELECT id INTO tpl_id FROM notification_templates WHERE name = 'Payment Confirmation' LIMIT 1;
  INSERT INTO notification_history (template_id, template_name, channel, recipient_id, recipient_name, recipient_contact, body, status, sent_at, delivered_at) VALUES
    (tpl_id, 'Payment Confirmation', 'sms', 'u-7', 'Peter Odhiambo', '+254733444555', 'Payment received! KES 19,220 for invoice INV-2024-0033. Balance: KES 0.', 'delivered', '2024-01-26T09:15:00Z', '2024-01-26T09:15:07Z');

  SELECT id INTO tpl_id FROM notification_templates WHERE name = 'WhatsApp Order Update' LIMIT 1;
  INSERT INTO notification_history (template_id, template_name, channel, recipient_id, recipient_name, recipient_contact, body, status, sent_at, delivered_at) VALUES
    (tpl_id, 'WhatsApp Order Update', 'whatsapp', 'u-2', 'Grace Wanjiku', '+254700000002', 'Hello Grace Wanjiku! Your order EW-2024-00138 status: Pickup confirmed.', 'delivered', '2024-01-31T14:08:00Z', '2024-01-31T14:08:12Z');

  SELECT id INTO tpl_id FROM notification_templates WHERE name = 'Promotional Offer' LIMIT 1;
  INSERT INTO notification_history (template_id, template_name, channel, recipient_id, recipient_name, recipient_contact, body, status, sent_at) VALUES
    (tpl_id, 'Promotional Offer', 'sms', 'u-19', 'William Mutiso', '+254765666777', 'Hi William Mutiso! Enjoy 20% off your next carpet cleaning order. Use code: FEB20.', 'failed', '2024-01-30T11:00:00Z');

  SELECT id INTO tpl_id FROM notification_templates WHERE name = 'Driver Assignment' LIMIT 1;
  INSERT INTO notification_history (template_id, template_name, channel, recipient_id, recipient_name, recipient_contact, body, status, sent_at, delivered_at) VALUES
    (tpl_id, 'Driver Assignment', 'push', 'u-3', 'Joseph Mwangi', 'device:ios-u3', 'New delivery assigned: Order EW-2024-00135 to Athi River. 1 items.', 'delivered', '2024-01-31T08:00:00Z', '2024-01-31T08:00:02Z');
END $$;

-- ============================================================
-- Done! Your database is now populated with sample data.
-- ============================================================
